{"Scotland": 1864.1409845448488, "England": 2071.607222341656, "Wales": 1749.2301814077314, "Northern Ireland": 1715.058473003039, "United States": 1827.5899092790928, "Canada": 1860.933670465443, "Uruguay": 1932.4138461706507, "Argentina": 2086.6082337015755, "Austria": 1809.4943953563932, "Hungary": 1720.0644824091337, "Czechoslovakia": 1768.4281272568244, "Belgium": 1861.597846690886, "France": 2052.170280780399, "Switzerland": 1892.194418380774, "Guernsey": 1716.241345836382, "Alderney": 1143.1215586266899, "Jersey": 1773.54516859338, "Netherlands": 1957.2771433076025, "Guyana": 1477.5959062479826, "Trinidad and Tobago": 1565.3420750859157, "Germany": 1913.1960522376141, "Sweden": 1592.3653685664822, "Norway": 1992.1936151726907, "Denmark": 1833.661832663009, "Italy": 1837.3686615015395, "Chile": 1741.6535990164177, "Russia": 1805.12367801739, "Finland": 1520.9336088795885, "Luxembourg": 1440.7063174371676, "Catalonia": 1607.858491557338, "Philippines": 1362.3474388418913, "China PR": 1534.8398727186936, "Brazil": 1968.7545679079149, "Basque Country": 1727.685178733745, "Japan": 1944.469547909646, "Paraguay": 1945.7447730411047, "Romania": 1628.6956510691814, "Greece": 1745.7740822542162, "Egypt": 1734.2756989030702, "Spain": 2172.9459859828785, "Yugoslavia": 1867.320424134903, "Estonia": 1378.9939759443068, "Suriname": 1615.2088059550154, "Provence": 1475.040604320646, "Costa Rica": 1728.0401507522788, "El Salvador": 1475.3613912392543, "Guatemala": 1681.279152228538, "Poland": 1750.4740791961976, "Portugal": 1800.6792872701549, "Brittany": 1500.3861911882168, "New Zealand": 1764.0061242910326, "Australia": 1903.206059387854, "Latvia": 1369.9512245626906, "Galicia": 1514.3545228285263, "Central Spain": 1497.0280427420055, "Mexico": 1893.9634267068225, "Andalusia": 1566.2196456656357, "Asturias": 1511.962613051412, "Lithuania": 1348.4590820410149, "Turkey": 1906.1394842423088, "Aruba": 1238.811842712707, "Cura\u00e7ao": 1717.0266848780389, "Bulgaria": 1495.0689767585034, "Republic of Ireland": 1847.6563330593185, "South Africa": 1611.836242740348, "Haiti": 1713.9531724526476, "Jamaica": 1680.2782225241926, "Kenya": 1435.588667561967, "Uganda": 1556.93514665643, "Bolivia": 1775.2928998625239, "Peru": 1736.7369257160867, "Honduras": 1633.148116193322, "Belarus": 1542.0566642659576, "Ukraine": 1829.4845391624144, "Barbados": 1172.3768521160064, "Nicaragua": 1568.521966306138, "Cuba": 1444.2523664467337, "Martinique": 1506.0355687357285, "Dominica": 1195.7018582930532, "Silesia": 1504.4269751758677, "Guadeloupe": 1532.3269046699359, "Israel": 1646.5063273499786, "Indonesia": 1547.5339899753856, "French Guiana": 1437.0791841808275, "Saint Lucia": 1254.1463379286433, "Colombia": 1995.229374535614, "Panama": 1842.2828827717042, "Venezuela": 1731.4893518528381, "Ecuador": 2003.656940752522, "Saint Kitts and Nevis": 1252.6827649463496, "Grenada": 1361.4013891562843, "India": 1254.9648343216948, "Slovakia": 1750.0284630800477, "Manchukuo": 1460.2773970335954, "Croatia": 1960.0251263266318, "Lebanon": 1455.3245800846637, "Puerto Rico": 1394.9351123538388, "Afghanistan": 1269.4733772477455, "Iran": 1857.8875698764364, "Mongolia": 1001.5519906111567, "Tanzania": 1419.8271405032635, "Zimbabwe": 1409.63352591822, "Zambia": 1523.212097392065, "Iceland": 1606.4079680672335, "Albania": 1728.5171824696586, "Montenegro": 1457.4874060614675, "Madagascar": 1530.229935066629, "Mauritius": 1248.6576663279357, "R\u00e9union": 1569.133750540982, "Zanzibar": 1548.4642836426437, "Djibouti": 1131.0318209642555, "Ethiopia": 1407.8906758422356, "DR Congo": 1742.880112636122, "South Korea": 1889.3090441897075, "Vietnam": 1463.494147710027, "Macau": 907.3023075749436, "Dominican Republic": 1482.4660779623603, "Cyprus": 1363.6707301075603, "Sierra Leone": 1516.0572566660285, "Nigeria": 1828.41624143459, "Syria": 1612.9257090640895, "Serbia": 1757.9778232104618, "Taiwan": 1035.2275471669827, "Ghana": 1663.6371885212632, "Myanmar": 1169.653448324484, "New Caledonia": 1612.0659381837388, "Vanuatu": 1419.3367314163131, "Fiji": 1375.540032865497, "Pakistan": 1054.0172674239727, "Sri Lanka": 1066.6190335871322, "German DR": 1627.1509524794137, "Tahiti": 1493.5790701010685, "Gambia": 1547.2083296105418, "Hong Kong": 1354.75053489267, "Singapore": 1319.3643164903995, "Malaysia": 1486.028092698162, "Guinea-Bissau": 1355.3992226986738, "Saarland": 1462.7699053129256, "Burundi": 1361.2718009520436, "Cameroon": 1677.0557730209587, "Kernow": 1565.4740141463467, "Cambodia": 1092.4107574917134, "Thailand": 1515.1094950121606, "Vietnam Republic": 1351.0809873971502, "Kyrgyzstan": 1541.6361146461852, "Moldova": 1327.8567698854472, "North Vietnam": 1495.3155235555241, "Togo": 1433.1903380588872, "North Korea": 1479.0382620672235, "Sudan": 1476.0667296059664, "Malta": 1345.4954783974506, "Tunisia": 1762.5248296929476, "Libya": 1543.4225301453346, "Malawi": 1473.3094100715396, "Morocco": 1884.8249077233756, "Benin": 1560.5290964219148, "Cape Verde": 1682.9589130949305, "Ivory Coast": 1725.2070942709895, "Burkina Faso": 1658.0865930659493, "Gabon": 1556.9377053429928, "Congo": 1336.2700918910932, "Mali": 1689.2532598195874, "Central African Republic": 1348.6376510876225, "Iraq": 1711.8954785175476, "Saint Vincent and the Grenadines": 1365.1743658893279, "Senegal": 1922.750841697028, "Laos": 992.256739157065, "Chad": 1219.7819199579887, "Niger": 1584.1095545678484, "Mauritania": 1417.2672959097222, "Liberia": 1506.7341299245961, "Guinea": 1591.9589464105748, "Algeria": 1809.2662012281235, "Kuwait": 1458.6010238584531, "Jordan": 1794.0923284265855, "Papua New Guinea": 1417.3899763611253, "Solomon Islands": 1367.6340017174905, "Somalia": 1107.78483555742, "Saudi Arabia": 1706.146433033884, "Bermuda": 1337.5356899146752, "Palestine": 1618.1528688975316, "Bahrain": 1540.522470000854, "Yemen": 1342.9237030530248, "Oman": 1589.333236950407, "Wallis Islands and Futuna": 1319.085900779547, "Corsica": 1544.8629171918267, "Western Australia": 1391.7349210282046, "Eswatini": 1322.1442672194935, "Botswana": 1401.324671820328, "Qatar": 1558.9869876554762, "Lesotho": 1483.59795492705, "Bahamas": 1023.2356536243959, "Brunei": 972.5261232374153, "Cook Islands": 1085.6157125442237, "Yemen DPR": 1351.796693534265, "United Arab Emirates": 1665.9244013813475, "Faroe Islands": 1523.8234406474578, "Nepal": 1121.1680683467955, "Antigua and Barbuda": 1146.6624334823246, "Bangladesh": 1167.774175689873, "Seychelles": 1037.5618442935177, "Equatorial Guinea": 1434.451097345364, "Mozambique": 1500.070403159041, "Guam": 979.9834791394652, "Angola": 1550.1051535751442, "S\u00e3o Tom\u00e9 and Pr\u00edncipe": 1224.2014092709617, "Rwanda": 1435.3462937270688, "Northern Cyprus": 1696.6166682321532, "Armenia": 1445.6262430003799, "Georgia": 1696.4178396049238, "Azerbaijan": 1382.7681697946389, "Kazakhstan": 1492.5007543762658, "Comoros": 1458.8954236621787, "Maldives": 1079.6098104933483, "Tonga": 1122.9454017652793, "Kiribati": 1240.858190327681, "Tuvalu": 1229.0949805055084, "Samoa": 1256.8349295878431, "Greenland": 1481.2702676514605, "Liechtenstein": 949.8638836269243, "Bhutan": 1066.170745731652, "South Yemen": 1470.1607409912976, "American Samoa": 1039.2483088237793, "Niue": 1430.0861677642397, "Belize": 1331.6993520820813, "Cayman Islands": 1104.8464943612357, "Anguilla": 968.1439610656155, "British Virgin Islands": 1044.6948876964386, "Palau": 1436.874828735214, "Sint Maarten": 1311.1275219827573, "Namibia": 1442.7977371607499, "Ynys M\u00f4n": 1620.9493343857664, "Shetland": 1506.5891492288636, "\u00c5land Islands": 1459.2759787922068, "Saint Martin": 1310.699913850558, "San Marino": 945.0908822130498, "Montserrat": 1273.0995631285866, "Slovenia": 1664.5475336900072, "Isle of Wight": 1653.1344002987041, "Turkmenistan": 1408.1722541295494, "Tajikistan": 1432.2480489989425, "Uzbekistan": 1835.1587978660098, "Eritrea": 1189.4881715562751, "Isle of Man": 1687.5016505206866, "Gibraltar": 1079.5312783356292,